,model_name,r2_score
0,LinearRegression,0.8750637207947314
1,lasso,0.87506440592343
2,ElasticNet,0.8750644059234295
3,lgb,0.9872450025856787
