,model_name,r2_score
0,LinearRegression,0.687466991271741
1,lasso,0.6874670056020089
2,ElasticNet,0.6874670056020089
3,lgb,0.9793320777756054
